{
  "positive_negative_positive": {
    "mean": 0.9989091604948044,
    "std": 0.00012593753933356895,
    "min": 0.9985050559043884,
    "max": 0.9990770816802979,
    "fidelities": [
      0.9986980557441711,
      0.9988633990287781,
      0.9990413188934326,
      0.9988369941711426,
      0.9989169239997864,
      0.9989659786224365,
      0.9985050559043884,
      0.9988495111465454,
      0.9989288449287415,
      0.9989883899688721,
      0.9988879561424255,
      0.9988996386528015,
      0.9989427924156189,
      0.9990319013595581,
      0.9990167617797852,
      0.9990150928497314,
      0.9990770816802979,
      0.9988589882850647,
      0.9989286065101624,
      0.9989299178123474
    ]
  },
  "negative_positive_negative": {
    "mean": 0.9989481508731842,
    "std": 0.00010056915260742522,
    "min": 0.9987193942070007,
    "max": 0.9990920424461365,
    "fidelities": [
      0.9987193942070007,
      0.9989580512046814,
      0.9989456534385681,
      0.9989593625068665,
      0.9990113973617554,
      0.9990854263305664,
      0.9988588690757751,
      0.9989957809448242,
      0.9989663362503052,
      0.9988771080970764,
      0.9989086985588074,
      0.9990026950836182,
      0.9990843534469604,
      0.9990920424461365,
      0.9990566968917847,
      0.9988055229187012,
      0.9988142251968384,
      0.9990154504776001,
      0.998969316482544,
      0.9988366365432739
    ]
  },
  "conjugate_test": {
    "frobenius_norm": 24.98577308654785,
    "normalized_diff": 6.246443263080437e-06
  },
  "config": {
    "quantum_dim": 2000
  },
  "timestamp": "20251019_022749"
}